"var1","var2","var3"
8.778324,0.45491829717227,3.14660311
4.060246,5.19068679036707,3.67456524
-5.513257,1.90181729700431,-0.77639107
-4.536916,-3.60500197411917,-1.1163261
-3.135693,-2.4210587530925,-1.37984115
5.49327,-1.57909178560912,1.00799378
2.897723,3.51433621375747,0.23645938
2.583402,1.43087510254784,0.60122078
1.070094,1.34540186203694,0.1833948
-2.565187,0.466588334039053,-0.01238299
8.421528,-1.62086457085832,2.73225137
4.173558,5.1986529533234,0.64135858
